experience_id,scenario_id,original_word_count,cleaned_word_count,typos_fixed,placeholders_removed,signatures_removed,ai_prefixes_removed,calibration_score,original_buddhist_score,adjusted_buddhist_score,kept,rejection_reason
1,3,7,7,0,0,False,0,10.0,5.2,5.72,True,
2,29,263,261,2,0,False,0,7.0,7.26,7.09,True,
3,3,429,417,0,1,False,11,0.5,7.3,5.201,False,composite=4.67 < 5.0
4,16,146,142,0,2,True,0,7.0,6.735,7.004,True,
5,7,187,187,1,0,False,0,1.5,5.89,5.478,False,calibration=1.5 < 2.0
6,25,221,217,1,0,False,1,10.0,6.15,6.65,True,
7,29,302,302,1,0,False,0,5.0,6.97,6.259,True,
8,25,301,297,2,0,False,1,10.0,6.145,6.104,True,
9,21,177,172,0,1,True,0,7.0,5.58,5.803,True,
10,17,361,354,1,1,True,0,3.0,7.63,6.197,True,
11,17,380,376,0,2,True,0,1.5,6.69,5.127,False,calibration=1.5 < 2.0
12,3,225,217,2,0,True,1,0.5,5.46,4.884,False,composite=4.66 < 5.0
13,14,139,135,1,0,False,1,0.5,6.805,6.193,False,calibration=0.5 < 2.0
14,6,293,293,1,0,False,0,1.5,7.5,6.326,False,calibration=1.5 < 2.0
15,13,236,234,0,0,False,1,5.0,7.325,7.076,True,
16,21,323,315,1,2,True,1,3.0,6.86,5.828,True,
17,14,258,256,2,0,False,1,0.5,8.03,6.898,False,calibration=0.5 < 2.0
18,21,291,289,3,0,False,0,3.0,6.235,5.453,True,
19,2,283,274,0,0,False,9,0.5,7.42,6.253,False,calibration=0.5 < 2.0
20,10,537,536,1,0,False,1,0.5,7.54,5.146,False,calibration=0.5 < 2.0
21,29,266,266,1,0,False,0,7.0,6.99,6.79,True,
22,2,364,361,1,0,False,3,0.5,7.87,6.009,False,calibration=0.5 < 2.0
23,29,213,213,0,0,False,0,7.0,7.1,7.288,True,
24,25,275,272,0,2,False,0,10.0,7.85,8.013,True,
25,6,340,340,0,0,False,0,0.5,7.485,5.858,False,calibration=0.5 < 2.0
26,15,237,235,2,0,False,0,0.5,5.46,4.795,False,composite=4.93 < 5.0
27,8,325,323,2,0,False,1,0.5,6.405,5.112,False,calibration=0.5 < 2.0
28,6,105,105,1,0,False,0,5.0,5.33,5.33,True,
29,9,473,458,7,0,False,1,0.5,6.46,4.409,False,composite=4.79 < 5.0
30,14,416,416,3,0,False,0,0.5,7.95,5.672,False,calibration=0.5 < 2.0
31,26,185,185,1,0,False,0,5.0,5.42,5.42,True,
32,22,172,169,2,0,False,1,10.0,5.38,5.918,True,
33,13,195,191,0,0,True,1,5.0,5.94,5.94,True,
34,13,400,400,0,0,False,0,1.5,7.2,5.357,False,calibration=1.5 < 2.0
35,28,124,124,0,0,False,0,10.0,6.69,7.359,True,
36,11,109,109,0,0,False,0,10.0,5.87,6.457,True,
37,22,246,245,0,0,False,1,10.0,8.13,8.541,True,
38,17,344,339,1,2,True,0,3.0,6.7,5.538,True,
39,18,291,289,0,0,False,1,7.0,7.42,7.03,True,
40,20,288,278,1,0,False,8,10.0,7.51,7.617,True,
41,14,227,223,0,0,True,0,0.5,7.5,6.668,False,calibration=0.5 < 2.0
42,9,158,157,0,0,False,1,3.0,6.2,5.952,True,
43,6,143,143,1,0,False,0,3.0,6.39,6.134,True,
44,11,155,155,2,0,False,0,7.0,6.595,6.859,True,
45,29,242,236,1,1,True,1,7.0,6.81,6.827,True,
46,3,289,288,2,0,False,1,0.5,6.46,5.361,False,calibration=0.5 < 2.0
47,20,284,283,0,0,False,1,10.0,7.59,7.656,True,
48,24,105,103,1,0,False,1,10.0,6.56,7.216,True,
49,3,409,389,6,0,False,7,0.5,6.56,4.841,False,composite=4.94 < 5.0
50,21,301,300,0,1,False,0,3.0,6.47,5.59,True,
51,7,201,201,0,0,False,0,1.5,6.32,5.872,False,calibration=1.5 < 2.0
52,22,294,294,0,0,False,0,10.0,7.66,7.634,True,
53,28,169,162,0,2,True,1,10.0,5.415,5.957,True,
54,23,199,199,0,0,False,0,5.0,6.52,6.52,True,
55,23,176,176,0,0,False,0,7.0,5.79,6.022,True,
56,22,354,349,1,1,True,0,7.0,7.67,6.788,True,
57,10,587,585,0,0,False,1,0.5,8.27,5.644,False,calibration=0.5 < 2.0
58,26,289,289,0,0,False,0,3.0,6.81,5.956,True,
59,5,205,202,2,0,False,1,0.5,6.01,5.458,False,calibration=0.5 < 2.0
60,15,192,186,1,0,True,0,0.5,6.54,5.951,False,calibration=0.5 < 2.0
61,2,247,247,1,0,False,0,0.5,6.24,5.412,False,calibration=0.5 < 2.0
62,7,190,189,1,0,False,1,1.5,6.32,5.878,False,harm=0.33 > 0.25
63,20,263,254,1,0,True,1,10.0,5.765,5.999,True,
64,14,91,91,0,0,False,0,0.5,4.435,4.036,False,composite=4.66 < 5.0
65,15,351,347,0,0,True,0,0.5,6.4,4.968,False,composite=4.69 < 5.0
66,15,187,173,2,0,False,5,0.5,5.95,5.415,False,calibration=0.5 < 2.0
67,9,363,363,0,0,False,0,0.5,7.93,6.04,False,calibration=0.5 < 2.0
68,2,334,332,0,0,False,1,0.5,6.49,5.126,False,calibration=0.5 < 2.0
69,13,303,300,3,0,False,1,3.0,7.515,6.493,True,
70,14,924,904,0,0,False,10,0.5,7.7,5.255,False,composite=4.70 < 5.0
71,5,68,68,0,0,False,0,1.5,5.915,5.501,False,calibration=1.5 < 2.0
72,12,177,174,1,0,False,1,7.0,4.605,4.789,True,
73,11,224,223,0,0,False,1,5.0,7.19,7.025,True,
74,27,257,251,2,2,False,0,3.0,5.26,4.792,True,
75,5,313,312,0,0,False,1,0.5,6.655,5.378,False,composite=4.95 < 5.0
76,19,249,249,0,0,False,0,7.0,6.535,6.463,True,
77,21,283,280,2,0,False,1,3.0,6.665,5.887,True,
78,1,443,439,0,0,True,1,0.5,7.78,5.388,False,calibration=0.5 < 2.0
79,5,857,845,0,0,False,12,0.5,6.76,4.614,False,composite=4.42 < 5.0
80,28,250,248,0,0,False,1,7.0,6.75,6.683,True,
81,3,252,251,0,0,False,1,0.5,6.85,5.916,False,calibration=0.5 < 2.0
82,13,297,294,1,0,False,1,3.0,7.4,6.436,True,
83,1,487,477,0,2,False,7,0.5,6.645,4.535,False,composite=4.84 < 5.0
84,4,97,96,1,0,False,1,0.5,6.585,5.992,False,calibration=0.5 < 2.0
85,22,444,431,2,0,True,10,7.0,8.41,6.726,True,
86,21,238,238,0,0,False,0,5.0,6.19,5.955,True,
87,24,271,268,1,0,False,1,7.0,6.7,6.494,True,
88,9,201,201,0,0,False,0,1.5,7.42,6.894,False,calibration=1.5 < 2.0
89,7,293,293,0,0,False,0,1.5,4.89,4.125,False,composite=4.81 < 5.0
90,26,194,192,2,0,False,0,5.0,5.91,5.91,True,
91,18,270,267,1,1,True,0,7.0,7.18,6.967,True,
92,18,124,120,0,0,True,0,10.0,6.45,7.095,True,
93,3,230,230,1,0,False,0,0.5,6.78,5.985,False,calibration=0.5 < 2.0
94,25,288,286,2,0,False,1,10.0,7.84,7.882,True,
95,7,295,295,0,0,False,0,1.5,5.855,4.928,False,calibration=1.5 < 2.0
96,28,318,318,0,0,False,0,5.0,7.9,6.968,True,
97,11,240,239,1,0,False,1,5.0,7.45,7.159,True,
98,6,192,182,0,0,False,5,1.5,6.68,6.212,False,calibration=1.5 < 2.0
99,21,250,245,0,1,True,1,3.0,5.55,5.088,True,
100,7,132,130,1,0,False,1,3.0,6.28,6.029,True,
101,1,230,224,0,0,False,6,0.5,6.42,5.702,False,calibration=0.5 < 2.0
102,20,267,264,1,0,True,0,10.0,7.88,8.113,True,
103,2,257,252,0,1,True,1,0.5,6.82,5.883,False,calibration=0.5 < 2.0
104,15,410,406,1,1,True,0,0.5,7.41,5.354,False,composite=4.82 < 5.0
105,11,228,227,0,0,False,1,5.0,5.38,5.235,True,
106,24,221,218,1,0,False,1,7.0,7.2,7.353,True,
107,15,160,156,0,1,True,0,0.5,5.1,4.641,False,composite=4.87 < 5.0
108,29,362,360,0,0,False,1,5.0,7.54,6.334,True,
109,19,219,219,0,0,False,0,7.0,5.935,6.055,True,
110,24,306,306,0,0,False,0,5.0,6.56,5.865,True,
111,19,285,285,0,0,False,0,7.0,6.44,6.128,True,
112,28,232,232,0,0,False,0,7.0,7.58,7.631,True,
113,23,113,109,2,0,False,1,10.0,5.74,6.314,True,
114,16,304,300,2,1,True,0,3.0,7.95,6.869,True,
115,12,128,127,2,0,False,1,7.0,5.35,5.564,True,
116,25,347,347,0,0,False,0,7.0,6.03,5.349,True,
117,24,224,222,3,0,False,0,7.0,5.84,5.94,True,
118,9,224,222,1,1,False,1,1.5,7.7,7.003,False,calibration=1.5 < 2.0
119,28,187,187,0,0,False,0,10.0,5.85,6.435,True,
120,26,78,78,1,0,False,0,10.0,5.925,6.518,True,
121,19,273,273,2,0,False,0,7.0,6.755,6.512,True,
122,24,197,197,1,0,False,0,10.0,7.97,8.767,True,
123,12,720,705,0,1,False,14,0.5,8.29,5.658,False,composite=4.93 < 5.0
124,4,749,731,3,0,False,18,0.5,7.03,4.798,False,composite=4.73 < 5.0
125,10,341,339,1,0,False,1,0.5,7.75,6.072,False,calibration=0.5 < 2.0
126,21,282,282,0,0,False,0,3.0,6.77,5.966,True,
127,25,139,139,0,0,False,0,10.0,6.08,6.688,True,
128,1,408,400,3,0,False,8,0.5,6.99,5.089,False,composite=4.84 < 5.0
129,11,296,295,0,0,False,1,3.0,7.22,6.273,True,
130,8,219,219,0,0,False,0,0.5,6.61,5.901,False,calibration=0.5 < 2.0
131,24,335,333,1,0,False,0,5.0,7.52,6.52,True,
132,26,158,158,0,0,False,0,7.0,5.99,6.23,True,
133,3,285,281,0,1,True,1,0.5,6.75,5.645,False,composite=4.93 < 5.0
134,27,332,327,0,2,True,0,3.0,7.645,6.407,True,
135,12,314,308,1,1,True,0,3.0,6.065,5.194,True,
136,23,127,126,0,0,False,1,7.0,5.66,5.886,True,
137,10,281,272,5,1,True,1,0.5,6.575,5.552,False,calibration=0.5 < 2.0
138,10,163,161,0,0,False,1,0.5,7.01,6.379,False,calibration=0.5 < 2.0
139,22,322,319,2,0,False,1,7.0,5.865,5.374,True,
140,26,178,178,0,0,False,0,7.0,6.795,7.067,True,
141,8,185,184,1,0,False,1,0.5,7.08,6.443,False,calibration=0.5 < 2.0
142,27,252,252,0,0,False,0,3.0,6.32,5.752,True,
143,22,252,252,0,0,False,0,10.0,7.09,7.393,True,
144,19,334,334,0,0,False,0,5.0,7.1,6.149,True,
145,13,203,201,2,0,False,0,5.0,5.19,5.185,True,
146,20,294,290,5,0,False,1,10.0,7.95,7.958,True,
147,14,125,119,2,1,True,0,0.5,6.46,5.879,False,calibration=0.5 < 2.0
148,7,86,86,1,0,False,0,7.0,6.595,6.859,True,
149,29,319,319,0,0,False,0,5.0,7.87,6.933,True,
150,14,573,566,0,0,False,7,0.5,7.5,5.119,False,calibration=0.5 < 2.0
